{"train/loss": 1.6375, "train/learning_rate": 5.886889460154242e-05, "train/epoch": 0.41, "train/global_step": 160, "_timestamp": 1698709185.3357213, "_runtime": 1559.7225513458252, "_step": 15}